Date,Close,High,Low,Open,Volume
31-01-2011,264.2423401,270.8139412,262.3783647,268.6725411,6959880
07-02-2011,263.6311035,273.9349715,261.853825,266.5831029,40335568
14-02-2011,268.7852478,272.6605783,263.6007912,263.9042291,24994672
21-02-2011,260.7224731,275.5042312,257.1419023,268.7592371,49414224
28-02-2011,265.4820862,271.7762622,257.2632516,261.9968902,45234872
07-03-2011,264.7624207,271.6027869,261.840753,263.2105618,33265152
14-03-2011,254.9831085,269.4527473,254.2461882,263.1239022,33979872
21-03-2011,274.2254944,276.1284792,251.7971038,255.876159,39845584
28-03-2011,279.0024109,283.0641515,269.6045161,272.1403895,51953568
04-04-2011,279.7956543,286.0117899,278.0747201,279.5962481,27078664
11-04-2011,259.1792297,287.5810163,258.1388716,277.0213766,100088704
18-04-2011,252.2868347,257.2285356,249.6859395,253.0671033,102200896
25-04-2011,251.9617004,257.0247675,250.3751503,252.7202948,83413088
02-05-2011,250.8130035,256.3745762,245.957999,253.0714519,68218520
09-05-2011,249.5429077,253.5786133,248.6022421,252.2868438,29500456
16-05-2011,247.0720062,249.8896422,243.0102671,249.339111,39695968
23-05-2011,241.6665344,248.2858218,238.9876206,246.8986775,40220880
30-05-2011,245.918457,248.241252,241.0982429,245.0365096,48794496
06-06-2011,249.9483948,253.5853804,244.0802863,246.4249117,29102776
13-06-2011,241.8535461,251.7952539,238.5047301,248.7389564,39093296
20-06-2011,249.7388306,251.2888102,231.6237205,241.7357047,41004024
27-06-2011,256.2181091,259.3442687,246.2720537,247.2675248,37756144
04-07-2011,259.9206238,264.0553446,255.506453,259.0561155,25399808
11-07-2011,238.5090942,259.8813456,237.5179721,257.9427627,69481192
18-07-2011,246.9707031,248.3460372,236.4133854,238.8278522,37602504
25-07-2011,242.399292,247.6386587,237.9894917,246.0755895,41998400
01-08-2011,226.2708282,246.5821194,220.4900633,242.7661175,38961528
08-08-2011,207.4090881,218.3069767,204.5405473,218.3069767,69280256
15-08-2011,194.2670135,215.5213942,189.630186,207.4090939,58251896
22-08-2011,192.3328094,201.0738077,188.7482048,193.3239103,89333368
29-08-2011,202.5189819,208.264825,194.90444,195.5156994,38326352
05-09-2011,198.5981903,205.5578112,194.0530356,200.2922436,58296648
12-09-2011,209.1511688,214.6306738,190.4204306,192.8087174,60807920
19-09-2011,204.2304993,214.3686601,202.6761497,209.4873258,42456104
26-09-2011,221.1929626,224.4151646,200.938449,204.7719103,70934072
03-10-2011,219.0666656,224.8474297,210.7622816,217.4337338,46953192
10-10-2011,239.5918579,240.7226836,217.4337043,222.2364568,111561912
17-10-2011,237.7494049,241.4387931,234.6843875,241.1069835,47230944
24-10-2011,251.0055695,260.9012817,240.6928019,241.4654958,48450856
31-10-2011,248.1343079,254.4387562,242.9757273,250.7728712,41938984
07-11-2011,243.7220764,251.7606859,229.2341479,248.1343092,22228208
14-11-2011,240.6577301,248.7007148,238.8313683,246.7470391,27388592
21-11-2011,228.2683105,242.7737975,227.1180696,238.831333,58272424
28-11-2011,236.5615692,238.4318337,224.8702562,230.0551838,47166424
05-12-2011,237.9795685,243.4322844,233.5804985,236.1971102,33404912
12-12-2011,239.2263641,244.8722687,234.0019308,238.8224498,54254224
19-12-2011,236.6142731,241.8870066,232.6849703,236.1971962,50724392
26-12-2011,243.0152588,246.2070022,236.2849654,236.2849654,31412000
02-01-2012,248.6787262,253.4904794,240.7630566,242.2733093,36283512
09-01-2012,226.9072723,254.1884734,224.1018871,250.0264957,103110304
16-01-2012,227.3112183,234.6868912,226.2136479,226.6482815,52917632
23-01-2012,239.2703552,240.1484116,227.3287889,227.4165945,33578304
30-01-2012,244.3850098,245.153309,236.1971351,236.9785966,47692144
06-02-2012,245.0128479,247.7963038,238.2737651,246.303608,37165272
13-02-2012,258.833374,261.4850991,242.088849,243.6825122,38103936
20-02-2012,258.8553467,262.8900104,255.0928675,258.8333953,35473744
27-02-2012,249.8684845,260.3437008,246.2947995,260.3437008,39613464
05-03-2012,250.711441,254.8997657,245.5660221,250.9573011,30683520
12-03-2012,251.5587311,255.9534071,244.1874529,255.9534071,40889352
19-03-2012,252.2392883,254.6363869,246.1192388,254.1973586,32699952
26-03-2012,251.6773682,254.9656859,243.0285106,251.9144392,40397144
02-04-2012,250.3426819,253.6485558,249.4558363,251.4753661,15557312
09-04-2012,210.9574127,251.0670273,209.7764313,249.1484658,109025440
16-04-2012,211.3833466,213.2272655,204.8550083,210.7335932,104964928
23-04-2012,209.9432831,210.5579226,193.0231407,209.8554774,127012640
30-04-2012,214.4170074,219.3385185,209.8862487,210.0311194,43195912
07-05-2012,202.9451904,215.0184665,201.2549318,211.5237976,50720120
14-05-2012,209.2276306,213.2798514,202.1416999,203.7265956,38520432
21-05-2012,208.3496094,209.7588727,202.5851566,209.4076501,27927776
28-05-2012,212.6835632,227.175818,210.3156779,213.1108575,46091424
04-06-2012,215.3586426,221.5587907,208.7489994,211.3305435,31793904
11-06-2012,224.554245,225.3954678,213.8408301,216.0484994,28041096
18-06-2012,220.2724152,226.4948381,215.9995157,225.6625042,33018032
25-06-2012,223.3658295,224.2382175,216.2754952,220.3124822,43934936
02-07-2012,217.6196747,224.2204279,217.2057462,222.8139273,28662744
09-07-2012,198.493927,222.7604147,197.4435019,215.5232108,112343648
16-07-2012,197.5103455,200.2921813,192.4852415,198.5118064,55883712
23-07-2012,191.2701263,196.9094728,187.0506463,195.8412478,39918680
30-07-2012,196.5978394,199.0458541,192.06234,192.2804315,22644968
06-08-2012,205.9048157,206.6125104,196.4999721,197.8174539,29322016
13-08-2012,209.2874756,209.6390952,203.7950247,204.8587941,20281648
20-08-2012,217.6330261,221.0335377,209.287519,209.287519,38802672
27-08-2012,210.2310486,218.2249339,209.6168281,216.3332861,36160288
03-09-2012,221.4118195,222.0126958,207.6094621,210.6182993,24367144
10-09-2012,234.3061523,235.427775,220.2857057,222.1906974,33740104
17-09-2012,230.8523102,235.8996686,226.730738,235.8106498,40962480
24-09-2012,225.6580353,232.4279143,224.8791214,231.4487083,49701792
01-10-2012,224.9369965,233.2468822,183.4275565,227.1135002,35446192
08-10-2012,213.2310028,229.6727563,205.722265,224.7544719,94762040
15-10-2012,212.1627655,214.713143,208.7577996,212.3719464,48909264
22-10-2012,208.698822,214.8264742,207.93286,212.1613,23987072
29-10-2012,213.9395905,215.4177543,206.7010625,207.928382,31042432
05-11-2012,210.4098663,216.2598152,210.0784037,213.4916266,27638312
12-11-2012,209.930603,213.841009,204.1478433,210.9742674,27085600
19-11-2012,212.9944611,214.9160697,207.1937876,209.9888568,25771288
26-11-2012,218.3068848,222.1724983,214.1769759,214.1769759,26921168
03-12-2012,207.9418182,219.7537004,207.0414995,218.3203293,44206136
10-12-2012,204.1479034,209.9888869,203.0012021,207.9239321,52049136
17-12-2012,205.7649536,207.9553199,201.1199256,203.0908113,44611280
24-12-2012,208.1255035,208.8153091,203.9552846,207.9373867,22762040
31-12-2012,210.4860992,210.9698533,206.3606731,207.3909087,29815056
07-01-2013,242.965332,243.8522215,206.8712484,210.6249015,131532600
14-01-2013,249.7694092,254.1501411,246.5622368,247.2386132,102021128
21-01-2013,252.1523132,253.3482908,247.5297055,247.5297055,38122384
28-01-2013,248.2374878,253.3125308,246.5398432,251.9149851,45105808
04-02-2013,249.8948822,252.3360931,245.9128013,249.1378872,38950640
11-02-2013,249.8186646,253.348332,245.6215662,250.9519148,30248328
18-02-2013,254.4726563,255.7671652,247.5252811,249.316995,27205632
25-02-2013,261.03479,266.0157413,256.8959355,257.1109324,49883688
04-03-2013,266.0918884,269.6350067,257.3035237,262.1277218,49364000
11-03-2013,257.8500061,267.8612067,254.6831433,267.1266085,36903464
18-03-2013,256.50177,259.3058068,253.3080486,256.7750108,44727976
25-03-2013,258.8444824,259.5253207,253.7649551,254.8892602,20800488
01-04-2013,256.7391663,268.716769,255.3192243,260.7615551,37371320
08-04-2013,205.7469788,262.9877764,203.2430629,255.3192321,136155048
15-04-2013,205.6618805,211.1534881,197.4468764,205.1512464,109235224
22-04-2013,198.163559,205.4200003,197.3124949,205.2945891,48163176
29-04-2013,206.7592926,208.1971473,195.8343219,197.6260357,36299776
06-05-2013,212.4569397,213.6618628,207.3908647,207.3908647,29357024
13-05-2013,210.6831818,212.5599979,207.2341321,210.9743353,31816088
20-05-2013,210.3382568,217.9620087,209.0930244,210.1680528,29453320
27-05-2013,216.0538788,218.1322631,207.5253225,209.7380855,37563584
03-06-2013,221.7433472,237.8928702,218.942995,228.8302846,64135992
10-06-2013,217.0444183,227.8787453,215.2364367,222.9396355,25912424
17-06-2013,219.2013092,222.9396261,212.3137435,218.539736,25806536
24-06-2013,226.4604797,227.2670412,212.5176798,217.7286677,41072760
01-07-2013,222.5951996,225.0738253,216.831409,223.7552148,24217912
08-07-2013,254.1331024,263.3225804,222.9849902,225.2053243,89469952
15-07-2013,258.0526428,259.6431314,242.9725061,252.3975971,55232360
22-07-2013,264.0203552,267.6181979,255.7462088,255.7643295,31872224
29-07-2013,272.6750793,273.6900845,263.7212404,263.7212404,43159416
05-08-2013,268.664917,274.1432462,266.4400475,271.7688529,30803592
12-08-2013,269.9200745,280.477988,268.9458464,269.7025812,39227512
19-08-2013,271.9409485,275.1808222,264.8177709,270.9803279,39612648
26-08-2013,281.4703369,283.6589426,272.6479006,273.6855622,61191640
02-09-2013,274.5103455,284.5562117,271.433601,278.8649237,43294752
09-09-2013,274.4196777,288.9152816,273.0829461,274.5103036,47237640
16-09-2013,271.4380188,277.1293269,270.0741174,274.1432094,45118800
23-09-2013,272.475708,276.4994872,271.0619358,272.3306978,45103416
30-09-2013,273.3638,276.8619666,271.6555161,273.7081827,36028928
07-10-2013,296.754364,302.5091058,272.4575633,273.2369545,103875336
14-10-2013,300.3840027,305.1418612,295.0778532,295.0778532,43910816
21-10-2013,303.735321,307.9427786,297.6771208,303.8675122,35645616
28-10-2013,298.7347107,306.7804087,298.0691698,302.4270707,30058176
04-11-2013,306.3336792,309.9713286,294.750605,298.7347025,24833720
11-11-2013,305.8049011,309.7935616,302.3222352,305.4174312,23286424
18-11-2013,305.1986694,314.3520676,302.0533254,309.1554122,30824784
25-11-2013,305.8321533,308.0430101,297.6679334,305.599667,32719544
02-12-2013,303.2111511,309.8847458,302.5182549,305.5997846,33017656
09-12-2013,307.5918274,309.0505375,302.7780796,306.7849695,41295344
16-12-2013,323.7743835,325.7481917,305.7638682,308.1525015,46031904
23-12-2013,324.6815186,325.6570265,315.4962035,319.0928311,30207808
30-12-2013,325.0325623,325.9305897,314.9218852,325.2650487,31384016
06-01-2014,323.7652283,326.4319324,311.6032431,325.9396267,70651392
13-01-2014,340.0390015,343.220804,326.5687253,326.5687253,84952016
20-01-2014,342.6282043,346.3524825,337.732413,338.4207463,43418096
27-01-2014,337.4269714,343.1523902,333.1009669,339.1500637,42863232
03-02-2014,325.1601563,336.5973505,322.8307741,335.9591648,26547576
10-02-2014,332.2485657,334.044598,324.3350593,326.3772444,25642216
17-02-2014,341.9490662,342.9792848,332.4948038,335.959241,39947296
24-02-2014,348.709259,349.8306248,340.0618333,341.5205435,29648784
03-03-2014,341.0007935,350.9975058,338.0833737,348.7228345,40384648
10-03-2014,309.442627,340.0345252,304.0545285,340.0345252,67455272
17-03-2014,301.3740234,311.0607691,295.2748014,309.4425128,47985512
24-03-2014,297.4492493,302.5410461,293.196184,298.324462,44913168
31-03-2014,302.3222656,305.9644784,294.4816979,299.5188068,32075480
07-04-2014,294.9466248,302.1763614,288.5511013,300.6766295,57703800
14-04-2014,291.0172119,308.8818467,286.9556118,294.9465987,42372600
21-04-2014,289.5175171,293.565429,286.4906756,292.6537351,30726144
28-04-2014,293.5380554,296.026984,288.5510947,288.9157722,23384272
05-05-2014,283.6689758,294.7506189,277.7429659,291.0126742,39700176
12-05-2014,289.6952515,304.505712,278.8916805,284.2843402,42126840
19-05-2014,279.848999,291.5597024,273.5172895,291.5597024,51736680
26-05-2014,267.9832764,290.647994,262.5678239,279.9811761,85500936
02-06-2014,277.5471802,283.5869289,272.6442011,273.6146296,47598944
09-06-2014,294.5481262,304.7191446,275.0563876,277.819789,72993824
16-06-2014,306.526001,308.6331989,293.9011802,294.4557108,49412704
23-06-2014,297.9122009,305.8188846,292.8613623,304.9917146,37666952
30-06-2014,299.9963989,301.5721944,294.871617,297.5980588,31330600
07-07-2014,307.4549255,317.1915697,300.4262668,301.7571315,58541520
14-07-2014,300.5138855,309.2338623,294.4371567,306.3780398,26005928
21-07-2014,309.8162231,314.1415661,294.6498257,300.8328325,38905896
28-07-2014,308.8087769,313.7625688,306.9187567,309.1507328,30600344
04-08-2014,321.8726196,333.4900524,309.548192,310.0749915,53642344
11-08-2014,333.8781738,335.2783542,324.4003195,325.6942239,27249448
18-08-2014,332.81073,333.8273693,326.2487856,333.8273693,26294856
25-08-2014,332.6073914,337.3393803,329.2108921,332.6258712,23209656
01-09-2014,344.8025208,350.7406195,328.6102311,333.6472176,31791360
08-09-2014,339.1786194,350.324693,335.5464621,344.9827106,24835432
15-09-2014,342.1499329,350.0843263,334.8994513,338.7257026,41779616
22-09-2014,340.125885,343.8320061,332.3070187,340.1120308,60979256
29-09-2014,355.5742188,356.7433449,340.2137277,342.0529116,21394376
06-10-2014,359.3958435,361.1842135,330.1951949,355.5742175,98717024
13-10-2014,355.9762268,368.3006763,354.6315084,359.4559193,42794904
20-10-2014,354.3826599,359.7379122,345.5301905,358.8484701,39787848
27-10-2014,377.3125,378.6862388,350.6526535,358.5691145,43579464
03-11-2014,388.0555115,389.5829133,375.561463,379.7013008,28789888
10-11-2014,390.3885803,392.2326771,381.5827008,388.8425331,27432008
17-11-2014,386.1509705,394.1931722,382.0018319,389.7692677,31737624
24-11-2014,406.0539856,409.607071,390.4166533,391.1663707,65601112
01-12-2014,385.6341248,409.9982078,383.6782931,408.5825401,58529888
08-12-2014,361.1116638,376.0784257,356.706382,374.2157292,207034012
15-12-2014,372.2878723,374.0294891,353.2231766,354.834391,82855428
22-12-2014,363.6449585,376.6186454,356.715736,373.6569531,48270292
29-12-2014,374.9980774,376.0877731,363.2258438,364.3527843,23183120
05-01-2015,386.4071045,392.8427306,356.3431982,374.383411,85282504
12-01-2015,394.5750427,402.3424787,386.5095571,389.6761414,46514796
19-01-2015,412.5966492,414.4500233,390.1604761,394.8917076,38831880
26-01-2015,398.9709778,413.7049265,396.1862554,412.5966311,53077492
02-02-2015,415.4744873,418.6969616,391.5388354,398.8964871,38458176
09-02-2015,427.6937866,433.393611,409.793254,409.793254,32795812
16-02-2015,425.2722778,435.1259246,420.6248134,424.7507137,31503292
23-02-2015,422.0404663,434.9023949,418.2498607,428.4202019,31819988
02-03-2015,418.6596375,431.0092775,416.0052952,428.9789567,22006688
09-03-2015,413.5930786,420.7831047,402.3796557,420.7831047,32963796
16-03-2015,420.4944153,425.0673443,411.7583868,411.7583868,30586144
23-03-2015,410.1937256,423.7634889,397.1269267,419.6655563,43801260
30-03-2015,404.940918,423.511994,401.914036,410.83638,19377988
06-04-2015,416.1170044,416.8714054,398.2444436,405.881498,44174920
13-04-2015,405.9281616,418.1753919,401.1223952,416.8715043,26568248
20-04-2015,371.6452332,406.067877,368.8139433,405.3227983,89515268
27-04-2015,361.7823181,372.9119325,359.9289437,372.5393931,51639456
04-05-2015,364.706604,373.2284394,355.7749846,364.995331,45836176
11-05-2015,365.4145508,372.5393662,355.4025553,366.0199273,31592676
18-05-2015,381.1915283,384.0693854,365.3865526,366.9512222,39572376
25-05-2015,376.8514709,383.0728822,364.1571889,381.9459417,47069140
01-06-2015,374.7093506,384.4605623,373.4706529,378.6489583,29509080
08-06-2015,367.8919067,380.8748931,364.2503257,376.264719,39171016
15-06-2015,370.8069763,380.3626183,360.6180357,363.952267,27016822
22-06-2015,380.173584,389.0610043,373.5174827,380.0412274,32174428
29-06-2015,374.5195923,380.0789608,370.6242603,373.2715764,25486924
06-07-2015,354.5512695,374.4061406,352.7170669,372.5152005,30826492
13-07-2015,378.8876953,379.8899029,353.2465497,355.8749613,22949324
20-07-2015,411.3172607,434.5380132,373.4228415,378.7174735,67544002
27-07-2015,407.3274536,412.9813464,398.7047477,411.0525966,42187790
03-08-2015,414.342804,418.0868748,397.4756267,407.6867037,34039852
10-08-2015,434.6326294,441.9883687,399.1964265,415.2504913,36632626
17-08-2015,434.8785095,448.60671,422.6252057,434.9163191,33318656
24-08-2015,420.1858826,425.4237782,395.0174475,419.7698388,61908186
31-08-2015,406.1550598,429.1867225,403.5266712,429.1867225,46069868
07-09-2015,412.5085449,418.4271961,397.9672354,410.3150361,38035962
14-09-2015,417.6897888,422.776446,409.4453167,415.6286823,30904078
21-09-2015,431.3424377,435.937386,413.1704818,416.0068925,32135736
28-09-2015,443.6335449,452.974772,415.0614171,431.1154826,38847920
05-10-2015,441.4967651,451.0082044,425.8586976,443.6146091,45639140
12-10-2015,414.078064,461.3137559,410.4096125,453.4474268,69272000
19-10-2015,438.8779297,440.0610855,420.0236119,420.5961112,29447264
26-10-2015,433.3628235,442.1602471,431.2827615,440.4427494,23647162
02-11-2015,434.4506226,441.8167517,425.2142732,431.2827747,15736720
09-11-2015,420.1380615,435.099354,416.016049,427.466032,14326596
16-11-2015,401.6654053,417.5427054,385.9598362,413.5924707,38740292
23-11-2015,406.9896851,408.3827758,395.787793,400.7494529,24938598
30-11-2015,400.3869019,419.1839601,396.9709618,408.3827892,44281956
07-12-2015,401.8180237,405.6155821,390.2726027,402.7721888,28034440
14-12-2015,413.4017334,423.5731464,400.0052598,400.5586571,27922934
21-12-2015,418.4395752,422.6570038,406.8369177,411.0543463,12541248
28-12-2015,421.8364258,423.6493396,413.3443557,416.0160182,23776472
04-01-2016,405.825592,420.7677829,399.9479246,419.8136177,22964280
11-01-2016,435.0611572,444.2593001,393.4404542,403.1538835,63940748
18-01-2016,433.6681213,443.5341811,426.3210487,435.061212,38254064
25-01-2016,444.6029663,446.5494546,429.2027444,435.1948851,29571930
01-02-2016,448.3431091,456.071847,439.9655576,446.5492973,26663364
08-02-2016,413.9741516,447.3889913,407.2377355,444.1639313,30289144
15-02-2016,430.2330627,432.8856232,409.7948268,418.401415,22546614
22-02-2016,427.9049683,436.530613,420.2525441,431.6643701,20029848
29-02-2016,446.7974548,455.2704241,407.7339366,431.0918846,31863112
07-03-2016,436.2443542,454.3734941,434.4123383,446.7974313,42363092
14-03-2016,455.4803162,457.6176369,430.881909,437.3893344,31435414
21-03-2016,460.9762878,462.0830821,447.3126242,453.4192812,18569518
28-03-2016,460.0794373,472.1210228,454.7743151,470.3653678,47047432
04-04-2016,444.9272461,476.3192821,443.5151002,463.1709039,24152592
11-04-2016,447.5797729,456.0718428,439.3357953,444.9463144,24122202
18-04-2016,462.2930298,483.9144221,460.670949,477.0825901,43673876
25-04-2016,461.0908508,474.162916,458.4191879,462.59846,32898664
02-05-2016,450.9385376,462.6556693,446.7974694,461.8160224,25152290
09-05-2016,460.766571,464.354243,450.5951564,451.1294984,21288266
16-05-2016,458.6099854,467.8272312,457.1978394,461.8923046,20535716
23-05-2016,476.1285095,480.7085032,449.450037,459.2970421,24245602
30-05-2016,483.5328979,488.265568,472.8844021,473.8385676,32960204
06-06-2016,450.5949402,487.3875576,446.5874466,482.7694076,37784318
13-06-2016,455.4168396,460.5327982,450.2043535,454.3743612,28756668
20-06-2016,461.2279053,469.0659132,447.8877805,455.9960938,25659522
27-06-2016,452.675415,457.347337,445.9956926,452.540286,32037038
04-07-2016,447.1926575,461.2470732,445.377959,454.1426386,20484262
11-07-2016,414.1223145,461.8069012,406.1877348,450.7448399,87039124
18-07-2016,414.0837708,420.8600221,407.4040941,415.9371181,52614904
25-07-2016,414.6243286,423.369732,410.4350434,410.4350434,42506328
01-08-2016,412.3655396,420.0298147,409.2766591,413.7169247,32979870
08-08-2016,410.261261,422.7905135,409.2766615,412.751652,29900662
15-08-2016,394.334198,410.2612615,393.2337938,410.2612615,37148740
22-08-2016,393.9288635,410.068286,389.6237261,393.0601157,35467238
29-08-2016,398.4076233,403.7745621,390.3572386,392.9055554,26945952
05-09-2016,399.8170166,408.8906041,395.3767504,398.4077053,29786726
12-09-2016,409.3345947,411.0141641,395.859344,395.859344,26006620
19-09-2016,402.539093,412.7130845,401.5544934,403.871154,23089498
26-09-2016,400.0294189,405.3770348,395.376773,402.616338,33737158
03-10-2016,390.9557495,405.95614,390.0097751,399.8169804,21040760
10-10-2016,396.5930481,418.0414385,384.6622351,392.6740207,48653550
17-10-2016,400.8981323,405.6858598,392.8090975,399.6046258,25311938
24-10-2016,389.2754822,406.9148133,387.5778994,404.8855266,24382700
31-10-2016,378.9338379,392.9048232,375.0313267,389.2754926,22940648
07-11-2016,359.6358948,385.4705222,351.6162395,384.3973317,36947050
14-11-2016,359.0310364,373.4117809,354.5626562,359.6359209,33205424
21-11-2016,381.470459,384.3973423,353.938248,361.7237624,51087504
28-11-2016,376.3972168,384.2802944,375.0508456,382.1729288,31056954
05-12-2016,386.0948792,393.4316182,373.8605179,376.9435108,25197712
12-12-2016,392.2609253,397.646386,376.6703882,383.5387984,29985074
19-12-2016,385.7437134,398.8366333,378.3484501,392.6316312,33470698
26-12-2016,394.3876648,394.9340257,380.5337538,385.5680014,27111352
02-01-2017,379.4216309,395.3048553,377.7825715,394.5828765,38787812
09-01-2017,380.8070068,405.8611314,375.6947271,379.4216202,77859106
16-01-2017,370.2312012,376.7679067,369.1775185,376.592289,41865650
23-01-2017,367.6750183,373.8604876,351.674726,368.7872242,35387818
30-01-2017,365.3140564,371.323933,352.9235836,365.8604175,67221750
06-02-2017,377.8800964,379.3240301,362.3676168,365.7628058,46475616
13-02-2017,390.2901001,395.6755841,375.7532472,379.655758,47989638
20-02-2017,393.704834,402.3489058,384.9437154,388.8852422,28415152
27-02-2017,402.4269104,403.6367269,390.4072052,393.0999235,23901386
06-03-2017,398.7781067,404.2806381,389.8608779,398.0756594,24141012
13-03-2017,405.9782715,406.9929149,393.1780153,398.7781095,30463176
20-03-2017,402.5049744,407.4221285,396.1438627,400.6122662,22673382
27-03-2017,398.9342651,406.5831787,393.3731859,400.8659894,45773840
03-04-2017,383.0508728,402.9146349,382.0557375,402.7975881,23497454
10-04-2017,363.4798279,386.3485293,361.6261354,384.3582585,55853878
17-04-2017,360.4749756,364.8067536,356.1627053,362.933553,30059120
24-04-2017,358.6212158,365.0993739,355.2065191,358.055347,32205132
01-05-2017,363.5189209,366.6994771,357.118793,358.6212741,17603168
08-05-2017,376.2995911,376.9825304,363.7139942,366.0555006,27930250
15-05-2017,373.8410339,380.0655435,367.9482282,376.0069227,28658084
22-05-2017,388.5729675,390.2510422,370.5823802,374.0166084,30605838
29-05-2017,378.328949,390.2511158,374.0752023,386.6998402,27215816
05-06-2017,375.8663635,391.8345621,365.7228152,384.3457537,45879444
12-06-2017,372.5579224,383.5335767,370.8739328,373.7862345,37444092
19-06-2017,373.746582,383.8307115,367.7040319,372.4390187,31644380
26-06-2017,370.6956177,375.6287212,364.9304349,373.7466153,32940624
03-07-2017,370.6361694,384.3458146,369.7050078,372.894677,24089484
10-07-2017,385.1581421,398.9470406,372.4588839,373.7268339,46928632
17-07-2017,388.3477173,398.1346713,383.137271,386.3269399,34639202
24-07-2017,395.1828003,397.8177583,381.2948445,389.6949853,43920094
31-07-2017,389.7939758,404.8310138,386.7429788,393.0232825,41094596
07-08-2017,391.3591309,395.044091,378.4221206,389.6949483,31685642
14-08-2017,365.8219604,407.8226404,350.3490733,391.4780362,200183770
21-08-2017,361.4237671,366.1191162,340.7602164,366.1191162,243314488
28-08-2017,364.5144043,377.9863208,360.5718827,374.0239924,93687538
04-09-2017,350.3887024,364.9700664,349.5169853,364.9304527,42542144
11-09-2017,359.8784485,361.8596125,346.168803,352.8057025,69664690
18-09-2017,355.9358826,363.6426146,351.85469,360.5718107,46085260
25-09-2017,356.5699768,359.9379563,352.2906424,357.0058233,45698414
02-10-2017,364.5935974,365.3266184,355.4802436,356.5698837,27124622
09-10-2017,368.5361328,372.4390406,362.1567941,364.534191,34092256
16-10-2017,367.2880859,373.2513862,365.7031544,370.854182,19707138
23-10-2017,374.9748535,379.4721097,362.6520247,368.4964577,79851772
30-10-2017,367.1691284,378.2636467,363.3256655,378.2636467,36941672
06-11-2017,386.5180359,387.4420905,370.6885087,370.8893912,35192008
13-11-2017,390.0937195,400.1177608,378.9648244,386.5180013,41523614
20-11-2017,405.6018677,409.5190766,384.5895622,389.3103012,47625296
27-11-2017,385.2123108,404.4568658,384.509222,404.4568658,35824612
04-12-2017,402.5083008,404.5774006,389.1295297,393.7297444,48811226
11-12-2017,410.9654541,412.3716317,399.3343517,399.7361167,36229636
18-12-2017,417.5744629,419.7641117,401.122205,406.5460327,39306774
25-12-2017,418.6593018,421.3712159,411.0056577,417.5745067,32814318
01-01-2018,406.5862122,419.6435757,404.175622,416.9115539,38363730
08-01-2018,433.2834167,436.2765952,409.820357,411.7689318,59803386
15-01-2018,459.3981323,468.0160203,427.9198569,433.9061648,78643552
22-01-2018,472.2345886,490.5751706,454.7979779,454.8582525,59207642
29-01-2018,459.317749,480.61129,449.394175,468.6788914,51914952
05-02-2018,445.6176758,463.9783173,439.9929656,458.0121167,41944288
12-02-2018,453.2110901,458.675085,438.0042435,447.8877031,32513642
19-02-2018,464.2997437,468.4580017,443.4481298,453.3516471,54741594
26-02-2018,466.3487549,477.8994994,452.2468123,462.4315459,35547902
05-03-2018,467.4134216,470.3864925,457.2286885,466.3487345,31475584
12-03-2018,470.8283691,480.9126599,469.7034076,472.4755957,44744058
19-03-2018,469.1008301,474.2836087,458.9562633,467.6544858,42594632
26-03-2018,454.7176819,468.8196247,452.4878663,468.8196247,25291132
02-04-2018,452.7891541,462.5520631,449.9767991,458.413864,30664458
09-04-2018,470.6474609,476.452993,444.1109194,451.9855014,63425918
16-04-2018,473.4599304,479.5868465,442.7450167,442.7450167,78371638
23-04-2018,476.1717834,487.903349,460.101186,469.2614462,60916486
30-04-2018,471.3105774,485.3120798,464.0386397,474.7657471,27162318
07-05-2018,474.3840942,478.100421,466.4693422,474.5849768,20635588
14-05-2018,475.3682251,485.3320146,470.0649479,475.8302646,32908330
21-05-2018,493.4878845,501.6637911,470.0649694,473.9018441,42292574
28-05-2018,490.4747314,500.6996311,484.367874,494.5727148,40170490
04-06-2018,506.243988,507.0274101,486.9391609,490.5952125,26155306
11-06-2018,514.7614136,518.8795049,495.8181837,508.4537226,46334646
18-06-2018,513.6312866,531.4953014,508.7536825,528.511107,31274256
25-06-2018,538.0604858,541.2710873,516.1626946,517.4592856,40130242
02-07-2018,528.6138916,558.9291932,521.9663329,540.859376,46218576
09-07-2018,542.2589722,552.4257931,526.4736238,533.862057,57287716
16-07-2018,554.8954468,569.837018,530.0340128,542.2589484,70249988
23-07-2018,565.3297729,573.7061365,550.0177917,556.5624475,34640320
30-07-2018,561.4813232,565.1446893,549.7298014,563.9098502,28940804
06-08-2018,570.2692261,571.9156781,554.6485324,562.2839739,28711860
13-08-2018,588.7505493,591.7553438,567.4907313,572.1419775,29148248
20-08-2018,567.3261719,579.5304561,565.3504095,571.3187976,39233540
27-08-2018,593.175415,598.6087362,568.6021419,569.2607126,41540162
03-09-2018,603.2599487,616.1846058,588.6065373,596.4271836,47114694
10-09-2018,604.0009155,614.9498111,600.1728946,607.3349707,25126563
17-09-2018,580.6211548,609.1871005,569.6722615,605.0709714,32357053
24-09-2018,600.9960938,605.8942982,581.6091327,581.6091327,46922407
01-10-2018,596.5095215,621.4533087,578.3162475,607.1291567,30761477
08-10-2018,558.8056641,599.8846517,544.5638677,596.8798574,42797887
15-10-2018,562.7161255,594.2045202,558.1472312,566.8734068,48592837
22-10-2018,521.5958862,572.1831255,518.5499907,566.9556614,36507315
29-10-2018,551.1184082,576.6666783,525.5285387,527.3593688,40393163
05-11-2018,548.829834,565.0575546,545.5010708,552.1585972,23228050
12-11-2018,541.6314697,562.8939895,533.0183135,554.2391832,32676089
19-11-2018,516.5823975,550.9102652,509.3839273,548.413693,32395821
26-11-2018,555.4456787,561.6455094,499.1895583,516.7904115,68925793
03-12-2018,568.2198486,572.7552985,553.0323671,560.1892382,34859820
10-12-2018,587.5681763,593.9344548,549.7451025,557.4845159,36250362
17-12-2018,537.7616577,592.3949484,535.4731332,592.3949484,45602614
24-12-2018,546.7077637,552.1586033,530.3967933,546.7493631,34628877
31-12-2018,550.1196899,563.3931427,541.756183,549.2458998,28449923
07-01-2019,568.8023682,574.0451596,550.494172,553.4068395,56652573
14-01-2019,608.289856,614.9889815,579.1631789,588.3588768,61449107
21-01-2019,607.7904663,624.9752248,600.0095035,614.3231939,35037791
28-01-2019,633.4732666,638.0336485,599.5424382,611.6755371,40570356
04-02-2019,636.6948242,646.1920912,625.0637645,633.4314187,24397205
11-02-2019,620.8381348,643.2634386,613.0143472,641.7154429,28058012
18-02-2019,614.9807129,625.6076432,603.5588453,621.1727459,30912453
25-02-2019,620.7962646,634.268167,612.7632862,615.4827738,33362263
04-03-2019,596.0698242,621.298322,594.6473639,620.7962831,24048718
11-03-2019,601.2578125,605.6090031,590.4216896,596.8647938,54332303
18-03-2019,621.800354,624.5198416,590.2124599,603.7680697,39337314
25-03-2019,622.4279175,625.8586862,601.717974,621.2146485,40640016
01-04-2019,635.3560181,640.7949937,620.8799855,620.8799855,34730274
08-04-2019,625.6914063,646.8197352,619.2483016,638.4939083,33925898
15-04-2019,600.0027466,611.9684841,596.2791296,606.4040237,57900319
22-04-2019,617.5328369,619.0390044,598.2872336,600.0025924,35157617
29-04-2019,605.4833984,630.7537227,600.9648961,617.5328401,22619514
06-05-2019,599.8352661,611.0897711,594.6473614,598.2872705,36602303
13-05-2019,605.7344971,616.6961034,588.7481185,599.5842407,38615427
20-05-2019,593.434021,607.8263958,583.6020277,602.2200575,39905116
27-05-2019,617.3237305,621.6749212,590.3380438,591.9279187,67780713
03-06-2019,618.4533081,628.327181,610.0019977,610.6713998,30260746
10-06-2019,619.5829468,635.1049346,617.7420527,619.2900482,29271547
17-06-2019,636.6090698,642.294605,624.4743034,630.4992418,34233681
24-06-2019,621.1647339,638.0516101,617.8976997,638.0516101,30925059
01-07-2019,609.2846069,630.6689795,605.4659708,623.7105656,22221306
08-07-2019,616.7097168,619.9767513,599.5258547,607.9692936,33900675
15-07-2019,666.4793091,677.5957624,640.0034217,647.4709664,61090047
22-07-2019,667.8370972,682.2630573,663.6365866,666.9460923,38350192
29-07-2019,658.1630859,678.6988714,646.8344869,669.9584486,43172896
05-08-2019,670.2553711,676.1106329,652.2653963,655.6172683,36809942
12-08-2019,657.2720947,670.2554466,645.0524908,670.2554466,18586155
19-08-2019,680.7354736,687.312013,656.2537446,658.1630624,30361194
26-08-2019,691.5125732,693.591567,662.8303324,675.3894434,43359449
02-09-2019,712.9393311,718.7521227,687.5665967,691.5125411,25879839
09-09-2019,703.7321777,713.0666213,688.0757597,710.0965711,21590944
16-09-2019,683.1115112,711.0724213,680.565754,706.0657448,42650759
23-09-2019,663.7637939,684.7238726,629.5657981,684.7238726,63841300
30-09-2019,673.3104248,685.657338,665.4185871,666.2247022,27758914
07-10-2019,691.4276733,699.0649453,659.0116866,674.4983769,41054131
14-10-2019,651.5864868,676.3227798,644.92511,667.6247767,59577718
21-10-2019,550.6048584,651.5865654,521.9650885,651.5865654,195830470
28-10-2019,591.0899658,597.5774231,547.7399223,547.7399223,76708651
04-11-2019,608.4902954,629.4134379,582.7122707,585.8485655,85971743
11-11-2019,604.8382568,612.6146152,590.9610693,600.5419205,34827709
18-11-2019,595.644104,619.9184053,588.6840074,605.7834477,44237771
25-11-2019,598.3508911,607.7169277,589.4574936,595.7730887,47549314
02-12-2019,614.4620361,618.672467,591.6484994,604.1508284,32091153
09-12-2019,611.1968994,620.9925689,601.1005073,615.2354667,38351812
16-12-2019,628.5969849,633.5377719,610.2516489,612.0560893,43350561
23-12-2019,633.2371216,633.7097082,624.3007196,629.1126485,15087267
30-12-2019,641.0134277,642.7319624,623.3554946,632.5066602,27949854
06-01-2020,634.2682495,647.7157528,608.6190863,641.0993834,45920800
13-01-2020,659.7883301,668.0802799,648.746767,653.0431032,63917429
20-01-2020,672.5914917,675.8137441,653.6876107,663.0106401,38138496
27-01-2020,669.7989502,681.2271963,660.9914592,669.4122694,30751146
03-02-2020,667.9085083,679.6375287,656.9098966,671.9470754,28693431
10-02-2020,675.770752,686.7264096,660.9483916,665.072864,20798434
17-02-2020,684.8361206,692.655433,673.0641467,679.0790185,16562736
24-02-2020,628.725769,697.3811812,620.4338203,687.4996092,41732143
02-03-2020,634.9556274,664.6862572,626.4918125,633.2800456,45632869
09-03-2020,551.9503784,623.6992044,489.7824047,622.5392144,57342350
16-03-2020,502.8432922,534.5932331,437.5819228,534.464322,88529107
23-03-2020,560.84375,579.9194936,443.2959995,464.0043195,83851891
30-03-2020,503.2728882,570.1238763,500.2224996,537.1279897,53105804
06-04-2020,546.7088623,563.3786702,503.2729074,503.2729074,38883615
13-04-2020,540.2643433,561.3593461,518.5678428,540.4791601,46955330
20-04-2020,565.3978882,587.4381156,539.448005,549.9310767,55021445
27-04-2020,614.8056641,618.6723664,561.1444185,568.0185559,39372754
04-05-2020,579.3181152,602.518336,569.2217229,592.7226662,36629912
11-05-2020,560.5001221,601.4012823,555.6882455,586.4500084,49156941
18-05-2020,594.9136963,597.9211318,561.1015489,566.9875089,41213242
25-05-2020,593.7536011,610.0796769,579.9623738,594.9135907,53604461
01-06-2020,612.7666016,620.0391816,602.2714979,608.5859857,49215413
08-06-2020,602.7505493,635.4552327,588.3361076,616.3376179,46681214
15-06-2020,614.5084839,624.132623,596.8279298,603.5778991,54390077
22-06-2020,651.6550903,654.6163352,602.7939919,615.8584482,71158066
29-06-2020,664.2840576,666.6792079,630.7954911,640.5067581,49903514
06-07-2020,680.9630127,694.1145977,663.238921,666.4614976,48710751
13-07-2020,786.6109619,832.2058947,680.5275306,686.319461,171942096
20-07-2020,803.769043,827.1544564,784.4336862,791.2707318,76913925
27-07-2020,841.3511353,859.1623578,800.1110155,802.6367789,68995709
03-08-2020,828.199585,848.6672364,817.225408,836.1253351,48214577
10-08-2020,830.5511475,843.5285307,820.622191,826.4576597,29189063
17-08-2020,826.3706055,846.9689247,824.4109365,830.9867039,33942989
24-08-2020,814.5690308,836.9528148,812.6528994,824.8028571,30933983
31-08-2020,800.5465088,827.8512064,794.4061706,814.5690066,42872536
07-09-2020,823.6705322,831.0301875,795.233541,800.3287114,36965083
14-09-2020,872.8364868,889.2541349,825.9350493,833.5124458,72064915
21-09-2020,880.9365234,903.1896424,844.835056,871.8349393,67991113
28-09-2020,886.3364868,895.3509425,869.6575059,883.8542077,30875164
05-10-2020,963.9829712,978.9635091,886.6848652,886.6848652,64637816
12-10-2020,982.0119629,1032.96336,951.5282212,978.0926247,111460871
19-10-2020,977.6569214,1008.576138,966.7698733,988.5439695,63503529
26-10-2020,933.6677856,994.4098927,926.4051424,987.9395593,39826241
02-11-2020,979.5765381,988.5998223,925.3047632,937.5412384,48466608
09-11-2020,997.7991333,1008.847198,948.9854092,994.1458895,54978321
16-11-2020,971.3013916,1007.966754,960.5174678,989.6560486,40809333
23-11-2020,968.3522339,1016.681835,960.429352,972.7538349,64288891
30-11-2020,998.8555908,1010.123628,968.3524666,968.3524666,42452126
07-12-2020,1023.988342,1038.337604,1000.043677,1009.991338,50202608
14-12-2020,1047.405029,1051.982651,1010.783623,1029.446476,44076346
21-12-2020,1088.119873,1108.19111,1014.172973,1045.820443,44952434
28-12-2020,1109.599487,1114.045147,1087.195383,1090.232444,28363866
04-01-2021,1155.068115,1159.205685,1105.242013,1117.126336,46656618
11-01-2021,1183.986816,1226.110231,1160.658327,1181.477925,85821629
18-01-2021,1180.377441,1198.159976,1149.698301,1177.86855,38462359
25-01-2021,1090.760986,1186.583836,1083.674364,1184.030886,31520485
01-02-2021,1119.855469,1147.937709,1092.477528,1100.88463,34465458
08-02-2021,1153.043579,1172.586647,1122.84855,1131.651753,31310270
15-02-2021,1136.75769,1169.417553,1122.408426,1162.022841,27662922
22-02-2021,1103.30542,1151.943114,1095.778639,1140.014732,42442112
01-03-2021,1159.117798,1200.624925,1108.323355,1112.108776,43802236
08-03-2021,1210.30835,1225.141725,1159.557863,1166.248383,29025610
15-03-2021,1183.546509,1237.730263,1156.30064,1206.038734,47367017
22-03-2021,1176.283936,1217.703048,1168.713202,1188.520409,31834461
29-03-2021,1219.419556,1232.448338,1176.239912,1176.283864,24442523
05-04-2021,1268.585693,1280.866119,1221.004335,1224.525617,32859523
12-04-2021,1191.733521,1300.717209,1162.022713,1297.592029,71462107
19-04-2021,1174.171143,1214.577754,1171.706203,1179.629085,35007502
26-04-2021,1192.261597,1209.471899,1162.902941,1172.806542,29370989
03-05-2021,1190.677246,1208.723812,1165.632069,1180.333483,23188710
10-05-2021,1158.853516,1190.985202,1154.363904,1188.300183,23682843
17-05-2021,1192.393921,1195.034882,1162.287008,1162.287008,24532982
24-05-2021,1236.893921,1246.753464,1184.118661,1194.286402,34801438
31-05-2021,1219.815918,1233.768974,1201.637281,1233.768974,27803478
07-06-2021,1287.480225,1291.662334,1225.548791,1237.739279,27546926
14-06-2021,1337.666016,1348.788762,1293.308416,1308.924795,41409033
21-06-2021,1400.754272,1404.135631,1320.670491,1328.500949,37977100
28-06-2021,1395.059692,1415.703471,1372.636166,1399.597752,26971848
05-07-2021,1390.699341,1411.921521,1374.46013,1396.260714,19708439
12-07-2021,1384.070068,1420.908627,1364.761023,1397.506433,30989806
19-07-2021,1415.213989,1422.377083,1368.142604,1374.50473,22773395
26-07-2021,1433.054688,1444.533384,1410.809194,1418.461622,26061487
02-08-2021,1468.380615,1494.808329,1440.796201,1448.137214,26982839
09-08-2021,1523.549561,1532.714749,1464.999477,1477.990826,28037002
16-08-2021,1542.013062,1562.07854,1500.725513,1519.545113,26967561
23-08-2021,1520.524048,1563.413317,1517.32061,1544.504647,31946005
30-08-2021,1513.272095,1529.288851,1479.458942,1515.407684,38786268
06-09-2021,1505.219116,1543.748356,1496.810363,1517.276218,16312937
13-09-2021,1504.952271,1529.82269,1490.626085,1497.566723,24371317
20-09-2021,1569.508667,1590.997837,1493.073123,1499.346396,26993393
27-09-2021,1481.683472,1574.091237,1472.651779,1573.868782,32043019
04-10-2021,1533.915894,1540.723037,1479.770379,1488.223667,21806646
11-10-2021,1526.708374,1587.082628,1478.880558,1496.676955,43039880
18-10-2021,1530.312256,1644.38712,1518.922518,1548.286574,45787922
25-10-2021,1483.996948,1543.081004,1478.035199,1532.314206,28072240
01-11-2021,1533.90979,1541.764715,1504.554855,1505.901414,11122698
08-11-2021,1598.095703,1600.474645,1528.792864,1553.030919,23842763
15-11-2021,1597.377563,1623.904701,1579.064345,1599.801325,19447723
22-11-2021,1518.604004,1602.763921,1511.736533,1601.507111,31361501
29-11-2021,1558.013306,1603.886049,1498.40562,1518.020469,36258589
06-12-2021,1579.288818,1588.400554,1518.469255,1553.030926,15128380
13-12-2021,1634.58728,1653.573776,1535.390808,1586.290783,35230151
20-12-2021,1672.874756,1683.871652,1604.469618,1617.396494,23177183
27-12-2021,1694.644043,1714.438499,1656.312051,1669.732708,18429459
03-01-2022,1628.707642,1718.253793,1615.870405,1694.644087,25530928
10-01-2022,1731.988525,1735.265173,1627.540486,1629.335897,40328518
17-01-2022,1603.033081,1754.027251,1594.325379,1740.24749,28486770
24-01-2022,1513.711426,1587.727332,1494.680107,1584.450684,38484601
31-01-2022,1562.995361,1609.406811,1535.211414,1542.258382,26695523
07-02-2022,1545.265869,1592.440353,1521.970447,1546.028897,26116855
14-02-2022,1532.338745,1575.877473,1506.574635,1517.122677,27020359
21-02-2022,1521.252197,1578.391192,1499.61751,1526.997536,42807876
28-02-2022,1547.016479,1558.4173,1494.680186,1510.120683,38266677
07-03-2022,1635.619873,1656.042679,1522.508949,1523.406655,42226442
14-03-2022,1664.885132,1726.557585,1642.801591,1644.193079,40395605
21-03-2022,1684.589722,1705.640877,1650.880828,1670.630354,27487182
28-03-2022,1708.827759,1722.697268,1663.134516,1675.118865,27292842
04-04-2022,1628.976929,1699.357086,1622.648169,1696.439542,29172541
11-04-2022,1569.683472,1628.438271,1551.011148,1628.438271,20962284
18-04-2022,1423.267578,1481.21453,1391.443952,1441.266623,74148394
25-04-2022,1407.198608,1437.945029,1391.758005,1411.911563,40241933
02-05-2022,1385.025391,1426.81364,1373.624571,1392.251966,25609928
09-05-2022,1350.508667,1424.479649,1344.853076,1382.466972,34649567
16-05-2022,1306.296631,1391.174649,1272.632663,1355.535773,46305883
23-05-2022,1311.862305,1335.786185,1256.114798,1306.251644,42535753
30-05-2022,1366.038696,1395.932339,1321.512516,1334.888353,52278125
06-06-2022,1339.771729,1394.02298,1336.868581,1375.334421,27104580
13-06-2022,1258.576416,1314.460705,1240.296055,1309.652432,34063709
20-06-2022,1307.384399,1331.33484,1253.768143,1261.07125,29487968
27-06-2022,1342.130615,1350.159426,1308.518337,1331.833772,27800125
04-07-2022,1373.928467,1376.196499,1326.345197,1342.901831,24365109
11-07-2022,1297.631836,1360.728532,1279.759788,1356.283167,26454643
18-07-2022,1366.53479,1397.107819,1313.68964,1315.458661,26361806
25-07-2022,1405.907715,1411.350992,1310.922573,1342.765722,33291490
01-08-2022,1466.645752,1474.855962,1386.538809,1418.880971,26134019
08-08-2022,1446.187988,1479.981667,1440.744711,1466.963185,15211614
15-08-2022,1448.909546,1462.427039,1427.952952,1446.187907,16447344
22-08-2022,1380.369873,1450.63347,1373.293568,1438.839702,19800779
29-08-2022,1318.180176,1357.281025,1313.644112,1332.287379,28121182
05-09-2022,1371.388184,1378.963388,1304.617347,1316.365708,19576753
12-09-2022,1249.277466,1408.901518,1241.384648,1384.225374,58022319
19-09-2022,1238.753662,1282.390686,1233.809397,1262.840206,41326790
26-09-2022,1282.299927,1287.60721,1229.273381,1233.809445,39238034
03-10-2022,1316.547363,1324.349483,1257.397124,1280.984661,21749648
10-10-2022,1337.458374,1355.375826,1282.390605,1294.002862,43393120
17-10-2022,1361.272705,1370.753034,1337.412966,1339.862507,20709995
24-10-2022,1372.839844,1392.481024,1367.169763,1377.602711,14711296
31-10-2022,1388.530884,1444.475655,1376.745819,1403.434204,19707643
07-11-2022,1439.981812,1443.100067,1361.934287,1395.317749,18883208
14-11-2022,1461.35083,1475.657995,1438.468434,1444.613255,19499703
21-11-2022,1500.099487,1507.757479,1432.55303,1450.987269,19561630
28-11-2022,1502.162842,1533.987115,1479.463941,1493.083259,28516881
05-12-2022,1439.248169,1508.537081,1431.727657,1502.254781,26632946
12-12-2022,1396.051392,1456.856988,1386.742637,1421.54758,35223085
19-12-2022,1373.031372,1403.158984,1359.595434,1382.982182,32441822
26-12-2022,1383.211426,1403.57172,1372.343489,1376.14959,23690684
02-01-2023,1328.458984,1405.635274,1326.62473,1388.530827,31723978
09-01-2023,1379.038696,1393.483453,1328.183913,1328.183913,43032244
16-01-2023,1399.123779,1423.244163,1377.800567,1384.862403,30500518
23-01-2023,1393.254028,1438.789423,1382.477782,1407.790474,20424394
30-01-2023,1466.853516,1471.668434,1387.61369,1402.104347,36564072
06-02-2023,1475.245361,1485.517144,1426.224833,1465.569622,28581861
13-02-2023,1452.546265,1480.656127,1436.221354,1464.6523,19658705
20-02-2023,1422.143677,1470.155275,1416.961884,1453.601081,16355088
27-02-2023,1356.706665,1412.376256,1345.701136,1412.376256,28984636
06-03-2023,1349.598999,1394.400654,1336.850905,1370.692931,19503058
13-03-2023,1302.962769,1355.789393,1282.785967,1342.857808,40170504
20-03-2023,1266.231934,1302.04569,1256.464505,1302.04569,40281916
27-03-2023,1309.612183,1311.446438,1251.466388,1271.36801,28329500
03-04-2023,1304.063354,1316.0777,1283.978244,1316.0777,19697563
10-04-2023,1274.073242,1315.160591,1268.387098,1305.943417,29034450
17-04-2023,1125.636353,1164.705959,1087.07121,1146.684495,94222420
24-04-2023,1148.931396,1154.663443,1114.309836,1126.232492,38941523
01-05-2023,1154.755005,1173.693707,1148.931269,1148.931269,24315376
08-05-2023,1142.006836,1170.621274,1136.366593,1157.827281,31927146
15-05-2023,1163.74292,1168.374346,1139.484834,1146.3175,39279714
22-05-2023,1208.269287,1213.772051,1164.980924,1167.457123,29741782
29-05-2023,1191.348633,1222.255785,1188.643151,1222.255785,43682018
05-06-2023,1176.6427,1217.073965,1174.83031,1212.008484,30782246
12-06-2023,1200.529785,1214.518006,1183.195438,1183.660165,27787598
19-06-2023,1175.759888,1212.938066,1174.226265,1202.714067,26418570
26-06-2023,1241.286255,1244.446422,1173.203725,1180.63936,25127318
03-07-2023,1236.360229,1262.15259,1231.852398,1236.174384,31204667
10-07-2023,1325.355469,1329.119804,1226.229247,1242.262335,40980238
17-07-2023,1237.661499,1393.066348,1212.938034,1325.355502,95896449
24-07-2023,1245.933594,1267.636331,1230.82996,1246.398321,36505252
31-07-2023,1281.113647,1288.131075,1239.19527,1253.601816,33602063
07-08-2023,1275.072021,1298.308382,1270.610708,1289.98981,21638340
14-08-2023,1290.826294,1319.825225,1269.262884,1275.071974,22791897
21-08-2023,1319.918213,1324.51908,1289.292735,1291.709294,17961696
28-08-2023,1341.992798,1343.991148,1311.832046,1319.918254,22653663
04-09-2023,1365.926147,1378.287936,1333.488167,1341.202683,22719221
11-09-2023,1404.963379,1411.283715,1361.186095,1365.92629,30882102
18-09-2023,1390.603149,1400.641188,1371.874622,1398.735875,20396061
25-09-2023,1334.185181,1384.747519,1316.107339,1384.747519,23961547
02-10-2023,1374.384277,1379.775159,1318.152282,1334.185372,19675566
09-10-2023,1330.188721,1411.144178,1301.236193,1361.557807,45531733
16-10-2023,1326.563721,1351.426625,1324.704812,1331.071552,23763659
23-10-2023,1282.972412,1331.304043,1257.644779,1325.030225,20569307
30-10-2023,1307.769531,1310.546865,1272.557976,1299.578544,16317068
06-11-2023,1288.751465,1324.904505,1281.360832,1312.335705,17000925
13-11-2023,1353.431641,1368.354153,1290.63453,1299.107894,23589110
20-11-2023,1353.290283,1382.00557,1349.759715,1357.62109,16646254
27-11-2023,1367.318604,1375.226985,1343.546109,1353.290455,21241205
04-12-2023,1403.895264,1407.237466,1357.621257,1374.991608,26652051
11-12-2023,1486.039673,1495.595767,1349.289002,1402.812391,49400017
18-12-2023,1471.446655,1499.785326,1432.233789,1476.201085,29341429
25-12-2023,1452.616943,1478.131159,1433.881373,1471.44664,21195159
01-01-2024,1442.872559,1465.891816,1400.929365,1448.94509,31706568
08-01-2024,1518.379761,1523.322556,1399.611419,1439.483281,50999544
15-01-2024,1562.111572,1568.042973,1525.440784,1548.695414,39837298
22-01-2024,1571.432251,1582.212321,1541.869605,1562.111529,27266240
29-01-2024,1594.263306,1617.941672,1542.246269,1567.71348,29632001
05-02-2024,1571.667603,1631.593132,1562.676492,1595.581339,26461996
12-02-2024,1602.077637,1608.997527,1539.798394,1572.609116,19735913
19-02-2024,1578.728882,1611.351356,1548.177744,1605.231704,22912239
26-02-2024,1557.874878,1589.038117,1548.742521,1576.939945,25332455
04-03-2024,1521.863159,1567.054433,1483.780142,1560.840655,21810778
11-03-2024,1538.38623,1560.746495,1495.077928,1514.04887,37669910
18-03-2024,1420.55957,1537.115455,1410.532732,1534.620497,42324761
25-03-2024,1410.391479,1423.336897,1394.856979,1420.559447,27708013
01-04-2024,1392.550171,1440.424651,1382.099712,1435.764347,38855047
08-04-2024,1397.869507,1425.219685,1387.842671,1396.221908,35054328
15-04-2024,1328.67041,1404.648187,1298.072154,1393.397489,67416331
22-04-2024,1346.558716,1362.187341,1330.365222,1336.814371,32135316
29-04-2024,1333.425049,1355.549943,1321.091505,1346.276225,30911244
06-05-2024,1341.521851,1365.105978,1330.318157,1336.908552,33626953
13-05-2024,1359.174683,1371.743483,1328.623429,1341.615966,28637010
20-05-2024,1379.369385,1391.655808,1344.440321,1359.786569,27845314
27-05-2024,1324.575073,1393.020977,1318.078805,1385.724469,66187365
03-06-2024,1472.749634,1478.607574,1304.453222,1382.863528,70295034
10-06-2024,1429.823364,1469.100555,1423.917361,1464.779106,32773272
17-06-2024,1471.885498,1495.941611,1429.823464,1429.823464,36143346
24-06-2024,1504.584351,1525.471352,1455.271844,1464.058813,37922816
01-07-2024,1582.082397,1599.752345,1497.622126,1497.622126,39638242
08-07-2024,1643.831055,1651.51363,1572.575215,1577.904931,46860480
15-07-2024,1721.809204,1770.833687,1632.547325,1657.707714,54896523
22-07-2024,1804.348999,1808.286296,1712.494178,1728.723643,38762673
29-07-2024,1748.938354,1827.49274,1744.088799,1818.46569,27237357
05-08-2024,1700.490112,1726.562877,1650.361353,1714.126637,34007629
12-08-2024,1785.19043,1787.975387,1697.945205,1702.698869,23278622
19-08-2024,1788.215454,1818.513658,1775.827278,1786.198801,17739446
26-08-2024,1866.577759,1873.588156,1790.040145,1795.802077,34768842
02-09-2024,1826.388306,1897.356122,1821.586696,1866.241667,24976287
09-09-2024,1866.961914,1880.886583,1814.048197,1815.008519,29393377
16-09-2024,1830.133667,1880.74259,1793.305341,1868.546547,33968320
23-09-2024,1831.093994,1896.251819,1797.146635,1833.254719,39044363
30-09-2024,1842.041626,1876.565154,1796.28226,1805.405319,28521397
07-10-2024,1858.31897,1898.556483,1830.709714,1846.891115,26098679
14-10-2024,1805.021118,1912.433105,1795.081809,1855.486084,30905613
21-10-2024,1788.167603,1823.459436,1765.071812,1816.064886,20687346
28-10-2024,1690.98291,1807.229931,1677.202313,1785.910713,25327109
04-11-2024,1777.350464,1787.694367,1668.618366,1674.931532,29681021
11-11-2024,1810.955933,1826.933051,1770.163169,1776.427725,17385610
18-11-2024,1847.572266,1859.033137,1743.405029,1796.047072,21247003
25-11-2024,1804.448486,1885.596997,1791.967867,1860.927064,37775412
02-12-2024,1867.143188,1893.852737,1782.449566,1805.565514,24912997
09-12-2024,1942.221191,1948.777171,1842.66742,1868.89134,27300001
16-12-2024,1866.900269,1942.124019,1856.313551,1938.093282,28374678
23-12-2024,1861.655518,1886.179739,1787.111596,1874.573274,12703158
30-12-2024,1883.023193,1906.236243,1792.016523,1860.635688,26542134
06-01-2025,1910.412476,1920.950701,1834.460283,1895.892242,31811701
13-01-2025,1763.267212,1925.807049,1759.916425,1899.777333,38525285
20-01-2025,1821.542603,1840.433609,1741.511177,1770.551646,30670531
27-01-2025,1798.135376,1842.910269,1759.916463,1795.610133,34654949
03-02-2025,1848.932007,1868.697048,1779.729998,1783.226497,26046274
10-02-2025,1803.040283,1850.243317,1775.796496,1850.243317,24404987
17-02-2025,1762.8302,1808.139331,1753.651876,1785.703334,19003526
24-02-2025,1639.189209,1756.031389,1634.090113,1748.309949,30626929
03-03-2025,1637.538086,1683.138521,1621.997985,1643.657048,41075302
10-03-2025,1534.439209,1669.589544,1518.850617,1637.538087,42923111
17-03-2025,1546.774292,1584.993204,1500.736719,1500.736719,32174527
24-03-2025,1525.503784,1590.67506,1515.159881,1552.019011,41624788
31-03-2025,1409.924194,1525.503691,1406.379085,1525.503691,38923969
07-04-2025,1368.937256,1414.634916,1269.432087,1313.138624,55634547
14-04-2025,1378.698242,1406.087621,1338.682532,1368.937069,36465497
21-04-2025,1437.653564,1458.535575,1369.471418,1369.471418,51629621
28-04-2025,1463.586182,1479.417589,1423.181942,1437.653567,29049489
05-05-2025,1464.265991,1479.223362,1451.154031,1471.453312,27147884
12-05-2025,1544.200439,1585.090307,1487.964675,1492.820957,44817042
19-05-2025,1519.821899,1541.577946,1495.734696,1531.185551,31354516
26-05-2025,1517.782227,1562.65434,1510.400702,1521.57015,36326778
02-06-2025,1540.221069,1545.244147,1512.446197,1536.478318,26684778
09-06-2025,1577.844971,1609.953402,1546.524404,1554.206844,39544426
16-06-2025,1598.429932,1622.560521,1573.018896,1575.875194,33194213
23-06-2025,1583.754517,1605.028807,1551.646085,1576.860063,39272702
30-06-2025,1615.961426,1624.136326,1570.064086,1590.648979,28798051
07-07-2025,1570.852051,1621.378475,1539.433016,1615.272007,29187966
14-07-2025,1562.184692,1587.694195,1536.281317,1567.79882,35548371
21-07-2025,1492.846191,1567.897318,1488.512631,1556.176723,45212351
28-07-2025,1447.441284,1504.074297,1443.403128,1491.073375,34783739
04-08-2025,1401.642456,1460.442371,1392.876626,1439.463484,49330502
11-08-2025,1425.87146,1447.835268,1392.679638,1398.490702,39744962
18-08-2025,1465.071411,1485.262311,1408.044406,1442.615142,33762652
25-08-2025,1447.441284,1515.794892,1445.569908,1483.981865,40301768
01-09-2025,1422.818237,1489.989987,1411.393167,1454.434208,25642514
08-09-2025,1502.596924,1519.636122,1406.764089,1429.121769,45025903
15-09-2025,1516.976807,1531.5537,1478.564849,1502.59697,42206298
22-09-2025,1427.053467,1491.86126,1419.469495,1460.343757,48513297
29-09-2025,1424.788086,1442.910674,1405.877632,1437.986064,31197647
06-10-2025,1492.05835,1498.755747,1420.553037,1424.788129,25625208
13-10-2025,1419.371094,1491.565926,1412.378171,1474.428259,43411368
20-10-2025,1502.400024,1522.689393,1428.136882,1431.781046,37703831
27-10-2025,1459.949951,1497.278399,1458.37398,1487.232243,30797887
03-11-2025,1476.800049,1491.400024,1449.099976,1482.300049,30872441
10-11-2025,1502.800049,1559.199951,1488.800049,1490.099976,67511619
17-11-2025,1545,1555,1483.199951,1496,42990485
24-11-2025,1560.099976,1585,1525.900024,1563.599976,46958844
01-12-2025,1616.199951,1631.800049,1554.099976,1562.5,47527425
08-12-2025,1598.199951,1630,1580.5,1617.099976,29417383
15-12-2025,1638.699951,1654.900024,1585,1585,34233760
22-12-2025,1656.099976,1693.199951,1651.699951,1664,35969641
29-12-2025,1640.400024,1673.099976,1609.199951,1658,26180101
05-01-2026,1614.099976,1644.300049,1583.099976,1637,25651505
12-01-2026,1689.800049,1694,1583.099976,1610.099976,41959094
19-01-2026,1670.800049,1685,1631.199951,1685,29834072
26-01-2026,1654.5,1689.400024,1604,1670.800049,39460447
02-02-2026,1535.800049,1728,1510.099976,1662,44404747
